20130325WXXT053,phage1,20130325WXXT053_cg1,2050763,2098245,2327.098892074047,1.0,intact(110),0.10657371121914051
20130325WXXT053,phage3,20130325WXXT053_cg1,2352823,2378252,50.95238581072517,0.9399134880062918,questionable(90),0.002333456850421495
20130325WXXT053,phage4,20130325WXXT053_cg1,3710254,3743762,18528.678028515198,0.8805395565370497,questionable(90),0.8485543902792505
20130325WXXT053,phage8,20130325WXXT053_cg6,1,11587,443.0756538204058,1.0,incomplete(20),0.020291452563239533
20130325WXXT053,phage9,20130325WXXT053_cg6,15002,52851,485.7759297890441,1.0,intact(130),0.02224698908794794
20130325WXXT055,phage1,20130325WXXT055_cg1,2052420,2099902,929.0631006180981,1.0,intact(110),0.8735167837658728
20130325WXXT055,phage6,20130325WXXT055_cg1,3758937,3798538,84.17712848295122,1.0,incomplete(50),0.07914439233476736
20130325WXXT055,phage8,20130325WXXT055_cg2,204023,209477,30.121009690816948,1.0,incomplete(50),0.028320151226970996
20130325WXXT055,phage9,20130325WXXT055_cg2,244361,282325,20.228056668211707,1.0,incomplete(60),0.01901867267238867
20130407WXXT183,phage2,20130407WXXT183_cg1,3368911,3396989,173.44672341285747,1.0,incomplete(40),0.06752878109022886
20130407WXXT183,phage3,20130407WXXT183_cg1,3386737,3446139,552.3434149614584,1.0,intact(110),0.21504630829363258
20130407WXXT183,phage6,20130407WXXT183_cg1,4347693,4382300,1586.9864865079157,1.0,questionable(70),0.6178684781807776
20130407WXXT183,phage7,20130407WXXT183_cg2,550911,563882,247.48739093347936,1.0,incomplete(40),0.09635536213133176
20130407WXXT183,phage9,20130407WXXT183_cg3,260465,268758,8.221904004252565,1.0,incomplete(60),0.0032010703040291043
20131008AHT028,phage1,20131008AHT028_cg1,361060,400805,392.8688846765633,1.0,intact(120),0.14898169734838146
20131008AHT028,phage2,20131008AHT028_cg1,730713,773570,40.768575832675594,1.0,incomplete(50),0.01546004751948875
20131008AHT028,phage3,20131008AHT028_cg1,1075546,1118709,1058.995368640439,1.0,intact(140),0.4015867218245482
20131008AHT028,phage4,20131008AHT028_cg1,1493942,1536541,937.8729594079149,1.0,intact(130),0.35565531107095133
20131008AHT028,phage8,20131008AHT028_cg1,3124326,3154702,9.414621245594446,1.0,incomplete(60),0.0035701637563267854
20131008AHT028,phage11,20131008AHT028_cg1,4381280,4443949,3.4257099208857937,1.0,questionable(70),0.0012990799183725768
20131008AHT028,phage12,20131008AHT028_cg1,5100505,5142290,68.09127818125788,1.0,questionable(70),0.025821220752608447
20131008AHT028,phage13,20131008AHT028_cg2,3297,11648,19.998151332608415,1.0,incomplete(40),0.007583595050584399
20131008AHT028,phage14,20131008AHT028_cg2,17830,29989,16.827541708692294,1.0,incomplete(40),0.00638125294148859
20131008AHT028,phage15,20131008AHT028_cg2,110302,151262,9.699719572199172,1.0,incomplete(50),0.0036782772625509374
20131008AHT028,phage16,20131008AHT028_cg2,139516,149675,10.927605167042898,1.0,incomplete(30),0.004143909658509319
20131008AHT028,phage17,20131008AHT028_cg3,276028,313682,4.27720146885963,0.7063338202097995,questionable(90),0.001621978119382769
20131008AHT028,phage18,20131008AHT028_cg3,335773,364354,10.161102958172748,0.6676229794975859,incomplete(40),0.0038532406731230837
20131008AHT028,phage20,20131008AHT028_cg4,23284,55018,0.7634556273205817,1.0,incomplete(30),0.0002895136765591222
20131008AHT028,phage21,20131008AHT028_cg4,46330,68576,21.959390869152514,1.0,questionable(70),0.00832732611827036
20131008AHT028,phage24,20131008AHT028_cg4,286696,302204,3.9853600896918806,1.0,incomplete(20),0.0015113075477983105
20131008AHT028,phage25,20131008AHT028_cg7,2812,41971,26.990920808072858,0.9989019407558734,incomplete(50),0.010235356761055109
20131129CSFT007,phage1,20131129CSFT007_cg1,2046933,2063133,4187.371740070368,1.0,incomplete(20),0.587658599815244
20131129CSFT007,phage2,20131129CSFT007_cg1,2064305,2086841,2938.1459353058626,1.0,questionable(70),0.412341400184756
20140330CJT068,phage1,20140330CJT068_cg1,357519,402303,3230.9960173593518,1.0,questionable(70),0.16356522044164565
20140330CJT068,phage2,20140330CJT068_cg1,519788,570837,2289.7239244269313,1.0,questionable(80),0.11591447232902823
20140330CJT068,phage7,20140330CJT068_cg1,3875260,3896217,44.28222480830113,1.0,questionable(90),0.0022417334541736493
20140330CJT068,phage8,20140330CJT068_cg1,3890183,3918360,32.120870657028895,1.0,incomplete(30),0.001626079778980484
20140330CJT068,phage9,20140330CJT068_cg1,5140328,5188595,14138.465030711814,1.0,intact(150),0.7157424945837291
20140330CJT068,phage10,20140330CJT068_cg2,37062,45317,0.15579346327044874,1.0,incomplete(40),7.886853473754752e-06
20140330CJT068,phage11,20140330CJT068_cg2,245761,254907,9.85526130410529,1.0,incomplete(40),0.0004989105461768564
20140330CJT068,phage14,20140330CJT068_cg3,132009,155484,1.6157056792699187,0.9913954677117056,incomplete(40),8.179312329038088e-05
20140330CJT068,phage15,20140330CJT068_cg3,178702,188384,2.5148232277935954,1.0,incomplete(40),0.00012730984916595805
20140330CJT068,phage18,20140330CJT068_cg7,4094,12757,3.834147776681178,1.0,incomplete(20),0.0001940990403359425
20140402CJT144,phage1,20140402CJT144_cg1,2070263,2089595,425.52347063578884,1.0,incomplete(50),0.20828286962309864
20140402CJT144,phage2,20140402CJT144_cg1,3714677,3725649,3.4326330410642356,1.0,incomplete(20),0.001680186192991139
20140402CJT144,phage3,20140402CJT144_cg1,3825761,3878608,1226.594669587213,1.0,intact(130),0.6003867595465464
20140402CJT144,phage4,20140402CJT144_cg2,69249,81924,318.3898625006268,1.0,incomplete(50),0.15584370498165628
20140402CJT144,phage5,20140402CJT144_cg3,11277,18804,25.187656163149427,1.0,questionable(70),0.012328714317220223
20140402CJT144,phage6,20140402CJT144_cg3,278155,286188,43.879236275514586,1.0,incomplete(60),0.021477765338487255
20140719MSYT009,phage2,20140719MSYT009_cg1,2040856,2068333,804.7239412122929,1.0,incomplete(10),0.07422617805493088
20140719MSYT009,phage3,20140719MSYT009_cg1,2069170,2102996,1999.690499709711,1.0,intact(100),0.18444757945513868
20140719MSYT009,phage4,20140719MSYT009_cg1,3667500,3724235,8037.096765767892,1.0,intact(140),0.7413262424899304
20140907CDWT107,phage1,20140907CDWT107_cg1,257228,302331,4036.0534063723967,1.0,intact(141),0.6171548780524716
20140907CDWT107,phage2,20140907CDWT107_cg1,727743,797517,888.5819518691917,1.0,intact(145),0.13587349594522669
20140907CDWT107,phage3,20140907CDWT107_cg1,2387727,2421626,0.7326040391986623,1.0,incomplete(30),0.00011202283789370691
20140907CDWT107,phage9,20140907CDWT107_cg1,4544656,4584914,15.055537147616647,1.0,questionable(90),0.0023021494655352174
20140907CDWT107,phage10,20140907CDWT107_cg1,5048646,5103204,48.50693687830369,1.0,intact(100),0.007417219174196998
20140907CDWT107,phage11,20140907CDWT107_cg1,5118057,5164034,1297.4769587267233,1.0,questionable(90),0.1983978291701029
20140907CDWT107,phage12,20140907CDWT107_cg1,5297107,5340079,130.2641913492521,1.0,intact(140),0.019918760490091943
20140907CDWT107,phage13,20140907CDWT107_cg2,227455,235652,16.032506683509624,1.0,incomplete(50),0.0024515383496944423
20140907CDWT107,phage14,20140907CDWT107_cg3,21359,29869,17.231649831319714,1.0,questionable(80),0.0026348999082867397
20140907CDWT107,phage15,20140907CDWT107_cg8,1,56640,89.83822617293049,0.9995762711864407,intact(150),0.01373720660649989
20140923LHMT018,phage1,20140923LHMT018_cg1,695686,740742,26.84651545692786,1.0,questionable(80),0.00911058165569278
20140923LHMT018,phage2,20140923LHMT018_cg1,1842026,1923841,2283.630107968015,1.0,intact(120),0.7749683046733072
20140923LHMT018,phage7,20140923LHMT018_cg1,4918675,4960279,364.5055348132988,1.0,questionable(80),0.1236978945813828
20140923LHMT018,phage8,20140923LHMT018_cg2,58167,64343,85.48815510037099,1.0,questionable(70),0.029011095271787846
20140923LHMT018,phage10,20140923LHMT018_cg3,72709,106121,127.85203123538275,1.0,incomplete(60),0.04338761848944367
20140923LHMT018,phage11,20140923LHMT018_cg3,116294,142208,58.41766298114413,0.999729886166313,incomplete(20),0.019824505328385682
20140925KYYT135,phage2,20140925KYYT135_cg1,3864845,3903643,79.54076821900205,1.0,incomplete(60),0.22154299305642688
20140925KYYT135,phage3,20140925KYYT135_cg1,4096928,4147663,31.082255098058965,1.0,intact(140),0.08657265927339018
20140925KYYT135,phage5,20140925KYYT135_cg2,225037,247683,79.35878998655284,0.9999558440411533,incomplete(20),0.22103613345234419
20140925KYYT135,phage6,20140925KYYT135_cg3,3354,29229,107.8633664698477,1.0,intact(100),0.3004292463341274
20140925KYYT135,phage7,20140925KYYT135_cg3,21146,53367,31.329626201388777,1.0,intact(120),0.08726165607156625
20140925KYYT135,phage8,20140925KYYT135_cg3,100356,128984,29.856040009716935,1.0,questionable(70),0.0831573118121452
20140927YXYT025,phage2,20140927YXYT025_cg1,3390640,3412751,1621.090065555962,1.0,questionable(80),0.5164212370792017
20140927YXYT025,phage3,20140927YXYT025_cg1,3421416,3436750,1496.3609122211533,1.0,incomplete(20),0.47668699588334773
20140927YXYT025,phage4,20140927YXYT025_cg2,61959,82165,21.63384128376495,1.0,incomplete(40),0.006891767037450471
20141124CGT113,phage1,20141124CGT113_cg1,926534,932858,2.240051913067518,0.9982608695652174,incomplete(20),0.010128617830358505
20141124CGT113,phage5,20141124CGT113_cg1,3202591,3245328,215.32876121953765,1.0,intact(96),0.9736304402385877
20141124CGT113,phage8,20141124CGT113_cg2,33043,39953,3.5918576109794635,0.9918969758356244,incomplete(30),0.016240941931053784
20141202CGT138,phage1,20141202CGT138_cg1,212107,218753,58.96067726664441,0.9920264781104258,incomplete(10),0.013997650655089837
20141202CGT138,phage2,20141202CGT138_cg1,245596,318900,1627.6422790395518,1.0,intact(150),0.386412929254782
20141202CGT138,phage3,20141202CGT138_cg1,408439,458081,86.1750145643922,1.0,questionable(70),0.02045851243557622
20141202CGT138,phage4,20141202CGT138_cg1,772520,841497,58.275678677145095,1.0,intact(150),0.013835027506924863
20141202CGT138,phage5,20141202CGT138_cg1,1299294,1342041,38.36946313020252,1.0,intact(120),0.009109161658557916
20141202CGT138,phage7,20141202CGT138_cg1,5036270,5093131,56.31585941083375,0.9998417220639443,intact(150),0.013369753586937854
20141202CGT138,phage8,20141202CGT138_cg1,5246349,5285492,2239.032309442999,1.0,questionable(80),0.5315609237543925
20141202CGT138,phage9,20141202CGT138_cg2,248958,268060,25.10716099252872,1.0,incomplete(40),0.005960604335074948
20141202CGT138,phage11,20141202CGT138_cg3,215170,221346,22.305353133232046,1.0,questionable(70),0.005295436812664093
20150808SYNT113,phage1,20150808SYNT113_cg1,1107227,1144050,28187.024203077774,0.9734955463827938,intact(140),0.9495333034313328
20150808SYNT113,phage2,20150808SYNT113_cg1,2071896,2107018,84.65036726725883,0.6438800785809868,incomplete(30),0.0028516079699956137
20150808SYNT113,phage3,20150808SYNT113_cg1,2102920,2119120,312.1590216197639,1.0,incomplete(20),0.010515667949160182
20150808SYNT113,phage4,20150808SYNT113_cg1,2120292,2142870,177.69787440016094,0.9724965676070685,questionable(70),0.005986089502611881
20150808SYNT113,phage5,20150808SYNT113_cg1,3727316,3766859,923.6034322406981,0.9997218288488772,incomplete(50),0.03111333114689941
4A3,phage1,4A3_cg1,241467,276541,956.7348731802318,0.9958660014255167,incomplete(50),0.635385905188812
4A3,phage4,4A3_cg1,3777687,3830294,51.40243774794638,1.0,intact(130),0.0341373408171334
4A3,phage6,4A3_cg1,5443300,5466516,118.13867420211301,1.0,incomplete(60),0.07845815026706471
4A3,phage9,4A3_cg2,153667,159376,316.3017603916487,1.0,incomplete(20),0.210062041191429
4A3,phage10,4A3_cg3,21322,50019,34.69786007984629,1.0,incomplete(20),0.023043511690615158
4A3,phage11,4A3_cg3,43965,66086,28.47840210779185,1.0,incomplete(20),0.018913050844945593
4A4,phage1,4A4_cg1,661815,706874,43.119607006038095,1.0,questionable(80),0.10181346085209894
4A4,phage2,4A4_cg1,1004002,1011910,0.26088415960308,1.0,incomplete(40),0.0006159963184952375
4A4,phage3,4A4_cg1,1814692,1894827,112.48599441375656,1.0,intact(114),0.26560048163358035
4A4,phage8,4A4_cg1,4885906,4927511,164.83868898167157,1.0,questionable(80),0.3892149899510126
4A4,phage11,4A4_cg4,68906,85889,37.012958739082535,1.0,incomplete(20),0.08739452159372038
4A4,phage12,4A4_cg5,4288,56935,65.79764393756068,1.0,intact(150),0.15536054965109253
4AH1,phage1,4AH1_cg1,1139987,1184761,2.2295959126398057,0.6497152428810721,intact(140),8.241205258403386e-05
4AH1,phage6,4AH1_cg1,4492795,4528999,74.30852623304139,0.8750172628090043,intact(110),0.0027466493532044764
4AH1,phage8,4AH1_cg1,5247063,5287358,26969.59972823164,0.8484961286480047,questionable(80),0.9968712529356158
4AH1,phage9,4AH1_cg10,1827,47170,0.16886422954889113,0.9983018701482004,intact(140),6.241690562066347e-06
4AH1,phage22,4AH1_cg5,94726,129412,7.938905186826849,0.6963992273762505,intact(140),0.00029344396803356103
4AK1,phage2,4AK1_cg1,336558,403045,16497.351263581317,0.6989531945614246,intact(150),0.9958080527709402
4AK1,phage3,4AK1_cg1,625687,687494,68.78812357201927,0.6852834584519804,intact(120),0.0041521675991245816
4AK1,phage12,4AK1_cg5,2217,24363,0.6590211098906658,0.5180385605273852,incomplete(20),3.9779629935133244e-05
4AL1,phage2,4AL1_cg1,2446714,2469562,8573.762874916345,0.7674296468116767,incomplete(10),0.20707010000558682
4AL1,phage3,4AL1_cg1,2467617,2488844,32831.3597124829,1.0,questionable(90),0.7929298999944131
4AP1,phage1,4AP1_cg1,256403,288389,122.62975094144056,1.0,questionable(90),0.7532900786956338
4AP1,phage5,4AP1_cg2,273593,285049,20.764285496611677,1.0,incomplete(50),0.12755086050260775
4AP1,phage6,4AP1_cg2,286971,295885,19.398165941383326,1.0,incomplete(40),0.11915906080175843
4AT1,phage1,4AT1_cg1,1658751,1724729,17.273378718712273,0.9997423422604161,intact(150),0.6459262008266098
4AT1,phage3,4AT1_cg1,4507201,4531486,7.825142438930115,1.0,incomplete(40),0.2926158575467168
4AT1,phage4,4AT1_cg2,95386,101307,1.643510202297879,1.0,incomplete(40),0.06145794162667342
4AV1,phage1,4AV1_cg1,2095495,2139086,2521.3339416869294,1.0,intact(110),0.7682810073347746
4AV1,phage3,4AV1_cg1,5051032,5089011,743.0938015865336,1.0,intact(130),0.2264296866781392
4AV1,phage5,4AV1_cg2,177083,215844,17.35837094225758,1.0,intact(140),0.005289305987086204
4AW1,phage1,4AW1_cg1,662121,707181,28.040388229307425,1.0,questionable(80),0.0015277906206070532
4AW1,phage2,4AW1_cg1,1195526,1235479,11179.596839498437,1.0,questionable(70),0.6091243478470139
4AW1,phage10,4AW1_cg1,5171186,5210007,7125.114337685336,1.0,questionable(70),0.38821441296918024
4AW1,phage11,4AW1_cg2,306389,315569,4.725979338638581,0.9996732382093454,incomplete(10),0.0002574966811339717
4AW1,phage14,4AW1_cg5,62570,72392,16.076830497579692,0.9862567443754454,incomplete(40),0.0008759518820648775
4AX1,phage1,4AX1_cg1,241465,276540,44.473772344154774,0.9975766906146653,incomplete(50),0.003924594936087522
4AX1,phage5,4AX1_cg1,4279707,4320267,0.11092826185930704,1.0,questionable(70),9.788881666999972e-06
4AX1,phage6,4AX1_cg1,5443310,5466526,82.75161066399104,1.0,incomplete(60),0.007302428713530746
4AX1,phage10,4AX1_cg5,46646,99141,7.087225294283471,0.9963806766229808,intact(130),0.0006254132949554478
4AX1,phage12,4AX1_cg6,72296,90741,27.575574494082815,1.0,incomplete(20),0.0024334108467730527
4AX1,phage13,4AX1_cg6,81923,107335,40.707099760223,1.0,incomplete(20),0.0035922043299027235
4AX1,phage14,4AX1_cg7,1,14964,11129.3606823042,0.9953889334402566,intact(131),0.9821121589970835
4B2,phage1,4B2_cg1,392824,439242,11.16918039443461,0.947521489045434,intact(150),0.0011061749182298387
4B2,phage2,4B2_cg1,1114457,1158222,10085.95037128383,0.9143627473381164,intact(144),0.9988938250817702
4BC1,phage2,4BC1_cg1,2443207,2466055,16391.32221046173,0.7510175500021883,incomplete(10),0.36452180067794626
4BC1,phage3,4BC1_cg1,2464110,2485337,28554.365287458502,1.0,questionable(90),0.6350121435082821
4BC1,phage5,4BC1_cg3,558,10710,4.636647296007167,1.0,incomplete(20),0.00010311303748091305
4BC1,phage6,4BC1_cg3,11076,26274,16.32031878224535,0.9841436936640569,incomplete(10),0.0003629427762908091
4BD1,phage1,4BD1_cg1,224186,245413,30380.072288686424,1.0,questionable(90),0.7175977630578423
4BD1,phage2,4BD1_cg1,245710,275448,11955.72340726201,0.53401257607855,incomplete(10),0.2824022369421577
4BF1,phage1,4BF1_cg2,27330,52759,5193.379086560905,1.0,incomplete(60),0.9340528404021723
4BF1,phage2,4BF1_cg2,481305,492956,332.82964533988303,1.0,incomplete(50),0.059860924923474584
4BF1,phage3,4BF1_cg3,88774,98880,33.83975992201573,1.0,incomplete(60),0.006086234674352941
4BN1,phage5,4BN1_cg2,36534,43888,3.898306870802056,1.0,incomplete(30),0.0008418335831912051
4BN1,phage6,4BN1_cg2,57098,69773,9.91384141163236,1.0,incomplete(50),0.0021408793395032853
4BN1,phage8,4BN1_cg5,32444,62925,4616.921227813629,1.0,questionable(90),0.9970172870773055
4BR1,phage1,4BR1_cg1,662116,705632,3304.696071119304,0.9490543925362502,questionable(70),0.20606184350119022
4BR1,phage2,4BR1_cg1,1898180,1942967,1670.4911585752998,0.950008930963651,intact(127),0.10416222257070562
4BR1,phage5,4BR1_cg1,2606304,2654497,2.2064240462762053,0.5698219695397767,questionable(90),0.0001375799155917647
4BR1,phage6,4BR1_cg1,3868359,3891234,112.18395351217568,0.5828379087253016,questionable(90),0.006995146232658257
4BR1,phage8,4BR1_cg1,4551552,4597597,2479.7112913757383,0.8980584632758546,intact(140),0.15462053667117845
4BR1,phage9,4BR1_cg1,5165161,5226617,8468.110432413376,0.843418975869307,intact(140),0.5280226711086757
4BT1,phage2,4BT1_cg1,3625629,3637411,39.28700658584111,1.0,incomplete(10),0.6363062924379896
4BT1,phage3,4BT1_cg2,342016,349619,22.455281762925722,1.0,questionable(70),0.3636937075620103
4BU1,phage2,4BU1_cg1,2525826,2565450,894.0703380240761,1.0,intact(100),0.7259139897741398
4BU1,phage4,4BU1_cg1,4175602,4217736,301.94088581342237,1.0,intact(125),0.24515197940819852
4BU1,phage5,4BU1_cg1,4786191,4828061,35.63653418719004,1.0,intact(150),0.0289340308176615
4BV1,phage6,4BV1_cg1,3533634,3550143,52.97713321744199,1.0,incomplete(60),0.0173119707574789
4BV1,phage13,4BV1_cg4,106263,126495,3005.3164432932463,1.0,incomplete(30),0.982083159723216
4BV1,phage14,4BV1_cg6,11562,44266,1.8509881718438308,0.9999388472710594,incomplete(60),0.0006048695193051632
4BW1,phage1,4BW1_cg1,1197074,1239213,2053.181620633087,1.0,intact(130),0.5479036566417731
4BW1,phage8,4BW1_cg1,4227455,4288892,32.806879892915234,0.9975422377030503,intact(140),0.008754709897896527
4BW1,phage9,4BW1_cg1,4516919,4561121,0.2717527575810834,1.0,intact(150),7.25188303289264e-05
4BW1,phage10,4BW1_cg1,5272639,5327834,1606.9953772031502,1.0,intact(120),0.42883621912831116
4BW1,phage11,4BW1_cg3,15621,42590,19.744895102186945,1.0,incomplete(30),0.0052690420164392
4BW1,phage12,4BW1_cg3,75079,97588,1.4918225090643205,0.9999555752998667,questionable(70),0.0003981016582083045
4BW1,phage17,4BW1_cg7,1365,30504,32.848257762372015,1.0,incomplete(40),0.00876575182704278
4C1,phage1,4C1_cg1,665727,712751,6334.319653895621,0.9996172248803827,intact(140),0.48149021572780215
4C1,phage2,4C1_cg1,1037148,1083291,3776.469699950741,0.999501560332871,intact(150),0.2870605384432267
4C1,phage3,4C1_cg1,1194442,1238599,1578.5569720990013,0.9998867702341592,intact(130),0.11999074542553845
4C1,phage5,4C1_cg1,4859115,4900930,1359.2089865473015,0.9974889994260571,intact(150),0.10331746168656675
4C1,phage6,4C1_cg1,5016853,5077733,54.77471187562081,1.0,questionable(90),0.004163586506279505
4C1,phage7,4C1_cg1,5113326,5162495,51.430527877402554,1.0,intact(150),0.003909385271937739
4C1,phage9,4C1_cg4,16237,58658,0.8954652310257529,1.0,questionable(90),6.806693864875812e-05
4CB1,phage1,4CB1_cg1,670897,678834,21.474595042455803,0.9998740236835475,incomplete(40),0.002467805151411186
4CB1,phage2,4CB1_cg1,905226,913164,71.40242532279541,1.0,incomplete(50),0.008205382811013706
4CB1,phage3,4CB1_cg1,1025230,1083139,829.2862429810496,1.0,intact(120),0.09529943909894684
4CB1,phage4,4CB1_cg1,1202552,1245694,777.9043284560369,1.0,intact(140),0.08939476182314686
4CB1,phage6,4CB1_cg1,2546443,2554734,6.700932096010149,1.0,incomplete(40),0.0007700538572716807
4CB1,phage10,4CB1_cg1,4401292,4442659,3.493156042351586,1.0,incomplete(40),0.00040142449526780626
4CB1,phage11,4CB1_cg1,5065945,5118330,61.15852177748127,1.0,intact(150),0.007028179800213902
4CB1,phage12,4CB1_cg1,5324751,5375799,6866.416015277963,1.0,questionable(70),0.7890708430466135
4CB1,phage13,4CB1_cg2,300172,306118,64.0643484418546,1.0,questionable(70),0.0073621099161146316
4CE1,phage1,4CE1_cg1,2401082,2460157,133.9715423860262,0.7774730855169611,intact(150),0.9743792099304314
4CE1,phage2,4CE1_cg1,3334568,3347347,2.5997273261224514,0.9035993740219093,questionable(70),0.01890789799794051
4CE1,phage6,4CE1_cg3,14449,20284,0.5376304917695103,0.7508567511994517,incomplete(50),0.00391020334971918
4CE1,phage7,4CE1_cg3,217841,228416,0.3853535944479658,0.5668494704992436,incomplete(40),0.0028026887219089374
4CF1,phage4,4CF1_cg1,738150,790692,26.514649302789465,1.0,intact(130),0.00789421415330251
4CF1,phage8,4CF1_cg11,1,13842,3234.8746015592114,0.995520878485768,intact(116),0.9631201443460524
4CF1,phage10,4CF1_cg2,118425,136484,9.779304747317369,0.9992248062015504,questionable(70),0.002911595211542527
4CF1,phage17,4CF1_cg4,95704,144050,5.947484129054303,0.9995656400603967,intact(150),0.001770746158169367
4CF1,phage22,4CF1_cg5,88859,108553,32.21854277211219,1.0,questionable(90),0.009592435994378118
4CF1,phage23,4CF1_cg6,18695,27441,14.618051288856762,1.0,incomplete(20),0.0043522366092941175
4CF1,phage24,4CF1_cg6,82294,97143,15.92130353618812,1.0,incomplete(30),0.004740254275253748
4CF1,phage25,4CF1_cg8,1,41081,18.87068092354977,1.0,intact(150),0.005618373252007147
4G1,phage1,4G1_cg1,670888,678826,3.3219572110216404,0.9962211865474241,incomplete(40),0.0001967417800943804
4G1,phage2,4G1_cg1,905217,913156,33.64934883347789,1.0,incomplete(50),0.0019928711804446165
4G1,phage3,4G1_cg1,1025224,1083134,14398.630506702886,1.0,intact(120),0.8527539690792009
4G1,phage4,4G1_cg1,1202547,1245688,1845.9628696744426,1.0,intact(140),0.10932651984887794
4G1,phage6,4G1_cg1,2548117,2556408,21.471352682898466,0.9922817173178967,incomplete(40),0.001271633521904559
4G1,phage9,4G1_cg1,3632967,3654262,99.10792711688443,0.9999530428249437,incomplete(30),0.005869633099952935
4G1,phage12,4G1_cg1,5069294,5121679,8.96842802195874,1.0,intact(150),0.0005311520834266974
4G1,phage13,4G1_cg1,5328099,5379146,43.9547751976407,1.0,questionable(70),0.0026032065335882554
4G1,phage14,4G1_cg2,66088,92815,55.03212574305989,1.0,incomplete(40),0.003259258832457264
4G1,phage15,4G1_cg2,390322,396267,38.820140818477256,1.0,incomplete(60),0.002299109567938375
4G1,phage16,4G1_cg3,1,93246,335.93954115506784,0.9999571027175428,intact(150),0.019895904472114184
4J1,phage1,4J1_cg1,245835,315158,209.27425360833564,0.9999711499624949,intact(150),0.0867118337877081
4J1,phage2,4J1_cg1,725983,733162,55.963800878117596,1.0,incomplete(50),0.02318834599192395
4J1,phage3,4J1_cg1,2337584,2371705,94.26807847518491,1.0,incomplete(30),0.03905954894731146
4J1,phage5,4J1_cg1,2514663,2567519,0.4122350039765905,0.9999621620598974,intact(140),0.0001708076962644081
4J1,phage7,4J1_cg1,3921293,3972037,13.784952693780099,0.9999605872499754,intact(150),0.0057117323614569475
4J1,phage8,4J1_cg1,4238973,4291906,12.411977616417758,0.9986964899686402,intact(130),0.005142846391729771
4J1,phage9,4J1_cg1,4490495,4530753,3.0848677327685436,1.0,questionable(90),0.0012782008942271304
4J1,phage10,4J1_cg1,4994479,5049036,10.94139202054852,1.0,intact(100),0.0045335159482521705
4J1,phage11,4J1_cg1,5063889,5111525,1392.6606676631,1.0,questionable(90),0.5770426044050709
4J1,phage12,4J1_cg1,5246264,5289244,34.268277128846776,1.0,intact(140),0.014198904544411304
4J1,phage14,4J1_cg2,275614,284124,63.02756631126829,1.0,questionable(80),0.0261151850253631
4J1,phage15,4J1_cg4,75190,84078,523.3470682486785,1.0,incomplete(60),0.21684647400628065
4J2,phage3,4J2_cg1,1090230,1154537,26.262408702795483,0.9994868445605524,intact(100),0.005474200351982694
4J2,phage5,4J2_cg13,1,13231,214.95989275291538,1.0,incomplete(30),0.04480676292441199
4J2,phage6,4J2_cg2,251569,338737,225.7315429138849,0.9955488763207103,intact(150),0.04705203188545506
4J2,phage7,4J2_cg2,535502,575760,20.55871052486708,1.0,questionable(90),0.004285307629819888
4J2,phage8,4J2_cg2,1039490,1094048,0.7095507245464887,1.0,intact(100),0.00014790047897048037
4J2,phage9,4J2_cg2,1108901,1154875,4027.69065197775,0.9991734638390429,questionable(90),0.8395416366506809
4J2,phage10,4J2_cg2,1289613,1332595,91.02006105846971,1.0,intact(130),0.018972442928691612
4J2,phage12,4J2_cg4,271486,279682,51.606140504972586,0.999878004147859,incomplete(60),0.010756909456165708
4J2,phage14,4J2_cg6,1409,6941,138.94871285814764,1.0,questionable(70),0.028962807693821667
4J3,phage1,4J3_cg1,258884,303988,5592.752455407295,1.0,intact(141),0.573775558899881
4J3,phage2,4J3_cg1,1219260,1258481,292.7420394226451,1.0,incomplete(60),0.030033195393946114
4J3,phage9,4J3_cg1,4536296,4576554,21.21505016554086,1.0,questionable(90),0.002176509216683315
4J3,phage10,4J3_cg1,5040282,5094837,40.19379223954708,0.9998533616834079,intact(100),0.004123589554594779
4J3,phage11,4J3_cg1,5109676,5155651,768.4036514005501,1.0,intact(100),0.07883260309810222
4J3,phage12,4J3_cg1,5288724,5331706,94.45022665965895,1.0,intact(140),0.009689903499567568
4J3,phage13,4J3_cg11,1,14997,343.54124158164973,0.9965326398613056,intact(125),0.035244822556573366
4J3,phage18,4J3_cg9,1,20387,2593.984027811841,1.0,incomplete(60),0.2661238177806517
4L3,phage1,4L3_cg1,248808,314125,724.6716756282859,1.0,intact(150),0.5345831289808799
4L3,phage2,4L3_cg1,405676,455319,93.36056197678099,0.9998388526307308,questionable(70),0.06887116334675308
4L3,phage3,4L3_cg1,770412,839391,32.255721514428686,0.9974920266743984,intact(150),0.023794726790955754
4L3,phage4,4L3_cg1,1298657,1342987,76.09368223832982,1.0,intact(130),0.05613355691234274
4L3,phage6,4L3_cg1,5045680,5102538,35.31549546931123,0.9975553562320829,intact(150),0.02605189177999326
4L3,phage7,4L3_cg1,5258460,5304221,92.86186345782716,1.0,intact(150),0.06850327838084858
4L3,phage8,4L3_cg2,261192,277297,12.863673286915926,1.0,incomplete(60),0.00948940457752156
4L3,phage9,4L3_cg3,78480,84656,44.72348076152602,0.9919054557228428,questionable(70),0.03299206949641617
4L3,phage10,4L3_cg3,173576,179944,23.825821651877078,1.0,incomplete(60),0.017576073023908442
4L3,phage12,4L3_cg6,1,46613,219.61078812062442,1.0,intact(145),0.1620047067103805
4N1,phage1,4N1_cg1,1015973,1062469,1421.3525625438,0.9969675462933092,intact(150),0.9691426436647819
4N1,phage2,4N1_cg1,1731471,1796794,28.217166392784904,0.9821658196068827,intact(150),0.01923974385756236
4N1,phage8,4N1_cg2,406835,418500,0.8251376317870989,0.6488942225270016,incomplete(30),0.0005626162620949324
4N1,phage9,4N1_cg3,264966,277338,16.21334826468978,0.7391093510062232,incomplete(30),0.011054996215560732
4O1,phage1,4O1_cg1,338213,406896,26.936530326945014,0.9568021664434221,incomplete(50),0.0014255647438836253
4O1,phage2,4O1_cg1,1203014,1246305,4.638415287843436,0.9894899750531276,intact(140),0.00024547932571798145
4O1,phage3,4O1_cg1,1946888,1993734,205.1012631296842,0.9157683522957714,intact(127),0.010854595083138793
4O1,phage5,4O1_cg1,2723089,2753831,65.7664152154367,0.5278925283804443,questionable(90),0.0034805627051734413
4O1,phage6,4O1_cg1,2922938,2958884,443.1869868447333,1.0,questionable(80),0.023454830140535107
4O1,phage7,4O1_cg1,5107830,5150848,3181.8553274502146,0.9938399311931937,questionable(80),0.16839365426414793
4O1,phage8,4O1_cg1,5363588,5421113,14624.02911373477,0.9715606856030317,intact(100),0.7739489854494706
4O1,phage9,4O1_cg4,1,55777,343.8258071896847,1.0,intact(110),0.01819632828793259
4T1,phage3,4T1_cg1,1026883,1084793,15162.569417375653,0.9204123568924729,intact(120),0.7885162456037897
4T1,phage4,4T1_cg1,1204205,1247346,4032.7074619854843,0.9980297621807056,intact(140),0.20971744695850852
4T1,phage5,4T1_cg1,1988297,2030662,1.3228359960077847,0.6710333758202333,intact(125),6.879293636910153e-05
4T1,phage11,4T1_cg1,5329207,5380255,32.64191651974076,0.7369781974181668,questionable(70),0.0016975145013326625
4W1,phage1,4W1_cg1,452186,468332,59.50416652357643,1.0,incomplete(40),0.014132833708512186
4W1,phage2,4W1_cg1,471361,498746,128.91677134773383,0.996385014240853,intact(100),0.030619020450843946
4W1,phage3,4W1_cg1,2201000,2244307,351.0379101588525,1.0,questionable(70),0.08337500883560847
4W1,phage4,4W1_cg1,2245307,2265012,310.7194919422404,1.0,incomplete(50),0.07379898192294078
4W1,phage6,4W1_cg1,4020787,4070856,510.36833746087905,1.0,intact(150),0.12121757626109352
4W1,phage7,4W1_cg1,4332371,4387385,403.03157242915154,1.0,intact(140),0.09572402279031254
4W1,phage8,4W1_cg1,4619809,4662846,55.17875869159383,1.0,intact(140),0.013105506158487842
4W1,phage9,4W1_cg1,4810452,4823075,0.9499391405807245,1.0,questionable(80),0.0002256200311908418
4W1,phage10,4W1_cg1,5254156,5299223,122.68895213100566,1.0,intact(100),0.029139851201043225
4W1,phage11,4W1_cg2,55365,70656,1354.0215740127114,1.0,incomplete(20),0.3215936439623525
4W1,phage12,4W1_cg2,87204,98485,895.7498926319088,1.0,incomplete(40),0.21274954371419583
4W1,phage15,4W1_cg5,61611,70058,18.181934373598722,1.0,incomplete(10),0.004318390963418337
G25-86,phage1,G25-86_cg1,253868,305328,1262.5511373089319,1.0,questionable(90),0.07205886159565449
G25-86,phage3,G25-86_cg1,445176,471653,48.071616176046504,1.0,intact(150),0.002743640106405894
G25-86,phage5,G25-86_cg1,803011,855806,8.36753903180032,1.0,intact(150),0.0004775690418955281
G25-86,phage9,G25-86_cg1,2508303,2545635,14802.896451899842,1.0,intact(140),0.8448607229611573
G25-86,phage10,G25-86_cg1,3282502,3334111,78.91977435788404,1.0,questionable(90),0.00450426832590428
G25-86,phage11,G25-86_cg2,1114124,1161516,692.4155378186584,0.9900618234760408,questionable(80),0.03951893426883565
G25-86,phage12,G25-86_cg2,1152545,1172646,171.45103404929208,1.0,incomplete(60),0.009785398759628031
G25-86,phage13,G25-86_cg2,1325491,1375663,17.77964224749519,1.0,questionable(80),0.001014755554902341
G25-86,phage14,G25-86_cg2,1457223,1465639,99.80587256698277,1.0,incomplete(40),0.005696321792610262
G25-86,phage15,G25-86_cg2,1578582,1583008,13.806167290363462,1.0,incomplete(30),0.0007879733885973465
G25-86,phage16,G25-86_cg2,1700514,1766347,6.701822902919567,1.0,intact(150),0.00038249993582786817
G25-86,phage17,G25-86_cg3,28612,43895,5.643091664152692,1.0,intact(110),0.00032207389402499225
G25-86,phage19,G25-86_cg3,245397,253510,93.86287634459973,1.0,incomplete(50),0.0053571311415567275
G25-86,phage21,G25-86_cg3,303092,310288,150.68563288918332,1.0,incomplete(50),0.008600233958015418
G25-86,phage23,G25-86_cg5,19652,57138,40.33493581738544,1.0,questionable(80),0.0023020767014076196
G25-86,phage24,G25-86_cg5,58762,86882,27.815435703624587,1.0,incomplete(40),0.0015875385735761047
HD5,phage1,HD5_cg1,238213,266147,18517.857468724058,0.5060318596742438,incomplete(30),0.5615510618754296
HD5,phage4,HD5_cg1,1954041,1995984,12.446516920496576,0.674971390425329,intact(123),0.00037743863215062017
HD5,phage7,HD5_cg1,4495518,4537988,227.18109187272537,0.8706411433684161,questionable(80),0.006889230225182132
HD5,phage8,HD5_cg1,5148440,5188933,14218.781420634094,0.9273472613226651,questionable(80),0.43118226926723763
HER1410,phage2,HER1410_cg1,1195537,1236773,2518.9164634575704,0.5406067366685259,questionable(70),0.7138133595106924
HER1410,phage5,HER1410_cg1,2575931,2614523,12.236317575683849,0.7282149612624051,intact(117),0.0034675413351141268
HER1410,phage8,HER1410_cg1,5170814,5209642,938.747828493824,0.5194571068016174,incomplete(60),0.2660234076483621
HER1410,phage11,HER1410_cg3,178859,186308,58.91603406200721,0.5651006711409396,questionable(80),0.016695691505831528
T07019,phage1,T07019_cg1,355559,402178,73.01130441348583,1.0,incomplete(60),0.022600024961033274
T07019,phage2,T07019_cg1,731916,776708,54.60770542570965,1.0,questionable(90),0.016903348263667437
T07019,phage9,T07019_cg1,4458698,4516518,348.30509860929055,0.9979419242143858,intact(150),0.10781486491523563
T07019,phage10,T07019_cg1,4581501,4621758,31.43831765235511,1.0,questionable(90),0.009731462400018176
T07019,phage11,T07019_cg1,5086790,5141349,55.09200382886267,1.0,intact(100),0.01705325869312451
T07019,phage12,T07019_cg1,5156202,5202178,1138.941168725923,1.0,questionable(90),0.3525494996854192
T07019,phage13,T07019_cg1,5335253,5378235,102.08942662671846,1.0,intact(140),0.031600909044918364
T07019,phage14,T07019_cg11,1,52263,14.26737911875935,1.0,intact(92),0.004416345205755948
T07019,phage15,T07019_cg12,1,34030,288.7303929562289,1.0,intact(102),0.08937402420404417
T07019,phage16,T07019_cg16,1,15531,754.8312591407048,0.9931749404416973,intact(120),0.23365156169976767
T07019,phage17,T07019_cg2,220199,228396,18.844713620282846,1.0,incomplete(50),0.0058332199598840504
T07019,phage18,T07019_cg3,22528,31038,2.247872833305536,1.0,questionable(80),0.0006958098139738224
T07019,phage19,T07019_cg4,737,113960,69.10852342315602,1.0,questionable(80),0.021391952478183505
T07019,phage20,T07019_cg4,125082,151063,43.17461346509478,1.0,questionable(70),0.01336433241170632
T07019,phage21,T07019_cg7,27567,37550,79.62860554325363,1.0,incomplete(30),0.02464835394116587
T07019,phage22,T07019_cg9,1,66736,156.2667373931112,0.9999550467513786,intact(150),0.04837103232210191
T07030,phage1,T07030_cg1,255494,300597,2672.2767643936954,1.0,intact(141),0.5075829974414531
T07030,phage6,T07030_cg1,3923847,3974566,6.47370361610777,0.999211356466877,intact(150),0.001229641304296972
T07030,phage7,T07030_cg1,4241503,4296627,10.828337358248163,0.9990204081632653,intact(150),0.002056777953107676
T07030,phage8,T07030_cg1,4495215,4535473,1.3952955272332304,1.0,questionable(90),0.00026502804479923826
T07030,phage9,T07030_cg1,4999199,5053755,14.89976860253502,0.999963341092802,intact(100),0.002830121980338624
T07030,phage10,T07030_cg1,5068608,5114583,1860.2156243734196,1.0,questionable(90),0.3533368381179314
T07030,phage11,T07030_cg1,5249322,5292304,64.55141233821571,1.0,intact(140),0.012261154907412716
T07030,phage13,T07030_cg2,26628,34823,57.380194579804225,1.0,incomplete(60),0.010899024961285766
T07030,phage14,T07030_cg5,411,67861,576.6878785573707,0.9953151176409542,intact(150),0.10953841528937462
T07148,phage1,T07148_cg1,634746,643661,9.30965939609409,0.9984297891431135,incomplete(40),0.0004705895627527087
T07148,phage2,T07148_cg1,2299735,2333859,18.177321896895215,0.997919413919414,incomplete(30),0.0009188368338227335
T07148,phage4,T07148_cg1,2554037,2563655,3.079821889469436,0.9920989707869841,incomplete(40),0.0001556804577544176
T07148,phage6,T07148_cg1,3844671,3895419,4.2616294610133,0.9975171924569942,intact(150),0.00021541908885664685
T07148,phage7,T07148_cg1,4164084,4217028,2.932361385313115,0.9991311738596657,intact(130),0.00014822654658304526
T07148,phage8,T07148_cg1,4417221,4457479,23.376340224651564,1.0,questionable(90),0.0011816395484557374
T07148,phage9,T07148_cg1,4924078,4978635,14.673150776252967,0.9996334176472744,intact(100),0.0007417061477994016
T07148,phage10,T07148_cg1,4993488,5039462,19647.874718929444,1.0,questionable(90),0.9931711118110553
T07148,phage11,T07148_cg1,5172536,5215518,57.966316296674535,1.0,intact(140),0.0029301118633708587
T07148,phage12,T07148_cg2,398243,403625,1.3190916618220392,1.0,incomplete(40),6.667813954912421e-05
T30001,phage1,T30001_cg1,766926,807185,3.2426857348616807,0.9999503229011426,incomplete(50),0.00014789913091269177
T30001,phage2,T30001_cg1,1300690,1340009,19980.513676937015,1.0,questionable(80),0.9113126740091537
T30001,phage3,T30001_cg1,1543174,1613126,0.029450477243635476,0.9998427515617629,questionable(90),1.343238397255135e-06
T30001,phage8,T30001_cg1,4563281,4624285,653.8690414390129,0.9999180395049586,intact(150),0.029823014274823013
T30001,phage9,T30001_cg1,5151821,5189295,363.52066798631796,1.0,intact(110),0.016580203960551536
T30001,phage10,T30001_cg1,5320586,5365453,143.2034629815015,1.0,questionable(70),0.006531520304589534
T30001,phage11,T30001_cg1,5524950,5536489,11.92281988885724,0.9987868284228769,incomplete(10),0.0005438006775163984
T30001,phage12,T30001_cg1,5529380,5595422,15.966109374560993,0.9997880168980815,intact(150),0.0007282154034132074
T30001,phage13,T30001_cg10,376,40640,752.7137591832488,0.997913820936297,intact(150),0.03433132900064284
VD115,phage1,VD115_cg1,248399,284194,4505.328993840265,0.9998882556710247,intact(100),0.23539022899349604
VD115,phage2,VD115_cg1,437916,468756,15.816350159299184,1.0,incomplete(50),0.0008263579176856781
VD115,phage3,VD115_cg1,468952,525735,16.387029132439572,1.0,intact(150),0.0008561742206355736
VD115,phage4,VD115_cg1,1038502,1092652,196.30125025238752,0.9999815331203487,intact(100),0.01025616471334154
VD115,phage9,VD115_cg1,3956888,4001648,28.873260590023044,1.0,questionable(70),0.0015085432010329624
VD115,phage10,VD115_cg1,4487744,4524996,14306.619696094926,1.0,intact(120),0.7474789279519692
VD115,phage11,VD115_cg1,4794678,4849590,16.885798568695357,1.0,intact(100),0.0008822334611429204
VD115,phage13,VD115_cg2,132661,149940,14.689522212520501,1.0,incomplete(10),0.000767484461653688
VD115,phage15,VD115_cg6,1,51559,21.385072086231105,1.0,intact(110),0.0011173073092559228
VD115,phage16,VD115_cg8,1,20007,17.54314280157385,1.0,incomplete(50),0.00091657776978639
VD146,phage2,VD146_cg1,3564823,3603509,1802.9602772368198,1.0,intact(140),0.8936959421317187
VD146,phage3,VD146_cg2,264808,305162,181.08773359700982,0.9663734357576509,intact(120),0.08976202899683737
VD146,phage5,VD146_cg3,53420,60822,33.37222376659539,0.9551533162231528,incomplete(20),0.016542028871443914
VD156,phage1,VD156_cg1,347846,406440,36.380480710583456,1.0,questionable(70),0.004085517328472768
VD156,phage2,VD156_cg1,1061586,1107943,4051.4404233079026,1.0,intact(100),0.4549755729281573
VD156,phage3,VD156_cg1,1216844,1255093,2944.539046741837,1.0,incomplete(60),0.33067087253546984
VD156,phage8,VD156_cg1,4000173,4043071,1794.1832834809052,1.0,intact(110),0.2014862572441212
VD156,phage9,VD156_cg1,4519436,4554748,61.27802925508142,1.0,questionable(70),0.00688150473788177
VD156,phage10,VD156_cg2,19846,28201,15.872146196781358,1.0,incomplete(40),0.0017824373691725033
VD156,phage12,VD156_cg3,244827,258369,1.0493157974552503,1.0,incomplete(10),0.00011783785672454061
YBT1518,phage1,YBT1518_cg1,251456,296958,2609.376572563636,0.9977583895567326,questionable(80),0.11063318699552283
YBT1518,phage2,YBT1518_cg1,397800,438766,636.871628407909,0.945956501574438,questionable(88),0.027002288093884164
YBT1518,phage3,YBT1518_cg1,755477,796933,14293.968173302346,0.9996623006971078,questionable(90),0.6060402589846753
YBT1518,phage9,YBT1518_cg1,4571351,4595202,16.89623321564404,0.9954720778131813,intact(100),0.0007163719290350622
YBT1518,phage11,YBT1518_cg1,5464926,5505332,0.2908991371341969,0.7660058900685525,intact(150),1.2333635157835764e-05
YBT1518,phage12,YBT1518_cg1,5527315,5559354,12.380623064154296,0.7708177278401998,incomplete(50),0.0005249176377911478
YBT1518,phage13,YBT1518_cg1,5597598,5635304,5953.372700579043,0.9979314185694964,questionable(90),0.2524130101275904
YBT1518,phage21,YBT1518_cg3,4912,12333,0.0642124638908611,0.5010778765831312,incomplete(30),2.7225006922252673e-06
YBT1518,phage23,YBT1518_cg3,82488,90489,0.4102345881092001,0.5884778805298675,incomplete(40),1.7393257981819942e-05
YBT1518,phage24,YBT1518_cg5,1,45048,62.2080483520281,0.9988012786361214,intact(150),0.0026375168376693205
